name,drinkware,notes,ingredients,type,prep,flaming,served,garnish,wiki_page
Black Russian,old,,* 50ml (5 parts) Vodka * 20ml (2 parts) Coffee liqueur,cocktail,Pour the ingredients into the old fashioned glass filled with ice cubes. Stir gently.,,on the rocks,,Black Russian
Cuba Libre,12 oz. glass,garnish with a pineapple wedge and 3 cherries.,*120 mL Cola *50 mL White rum *10 mL Fresh lime juice,highball,Build all ingredients in a highball glass filled with ice. Garnish with lime wedge.,,on the rocks,lime wedge,Cuba Libre
Gin and tonic,Highball glass or rocks glass,,"Gin and tonic water, according to taste",,"In a glass filled with ice cubes, add gin and tonic.",,on the rocks,A slice or wedge of lime,Gin and tonic
Manhattan,cocktail,,*50ml rye or Canadian whisky *20ml Sweet red vermouth *Dash Angostura bitters *Maraschino cherry (Garnish),cocktail,"Stirred over ice, strained into a chilled glass, garnished, and served straight up.",,straight,cherry,Manhattan (cocktail)
Mojito,collins,,*4 cl (4 parts) White rum * 3 cl (3 parts) Fresh lime juice * 6 leaves of Mint * 2 teaspoons Sugar * Soda Water,cocktail,Mint sprigs muddled with sugar and lime juice. Rum added and topped with soda water. Garnished with sprig of mint leaves. Served with a straw.,,on the rocks,sprig of mint (Yerba buena in the original recipe),Mojito
Old Fashioned,old,,*4.5 cl Bourbon or Rye whiskey *2 dashes Angostura bitters *1 sugar cube *Few dashes plain water,cocktail,"Place sugar cube in old fashioned glass and saturate with bitters, add a dash of plain water. Muddle until dissolved.  Fill the glass with ice cubes and add whiskey.  Garnish with orange slice, and a cocktail cherry.",,on the rocks,* Orange slice * cocktail cherry,Old Fashioned
Piña Colada,poco,,*30 ml (one part) white rum *30 ml (one part) cream of coconut *90 ml (3 parts) pineapple juice,cocktail,"Mix with crushed ice until smooth. Pour into chilled glass, garnish and serve.",,blended,pineapple slice and maraschino cherry,Piña colada
Rob Roy,cocktail,,*45ml Scotch whisky *25ml Sweet vermouth *Dash Angostura bitters,cocktail,"Stirred over ice, strained into a chilled glass, garnished, and served straight up, or mixed in rocks glass, filled with ice.",,straight up or on the rocks,Maraschino cherry or lemon twist,Rob Roy (cocktail)
Screwdriver,highball,,*50 ml (1 part) vodka *100 ml (2 parts) orange juice,cocktail,Mix in a highball glass with ice. Garnish and serve.,,on the rocks,orange slice,Screwdriver (cocktail)
Tom Collins,collins,,*45ml (3 parts) Old Tom Gin *30ml (2 parts) freshly squeezed lemon juice *15ml (1 part) sugar syrup *60ml (4 parts) carbonated water to taste,Cocktail,"Mix the gin, lemon juice and sugar syrup in a tall glass with ice, top up with soda water, garnish and serve.",No,on the rocks,Lemon slice and maraschino cherry,Tom Collins
Mickey Slim,,DDT is not very soluble in water so only a small quantity will dissolve. DDT has been linked to numerous health problems in humans.,*One part gin *A pinch of DDT,cocktail,Stir the DDT into the gin and serve,,,,Mickey Slim
Cocksucking Cowboy,shot,,*one part cold Butterscotch Schnapps *two parts Baileys Irish Cream,layered,*Pour the butterscotch schnapps into the shot glass. *Carefully add the Bailey's. letting it float on top. *Serve.,,straight up,,Cocksucking Cowboy
Mai Tai,highball,,*40ml (8 parts) white rum *20ml (4 parts) dark rum *15ml (3 parts) orange curaçao *15ml (3 parts) Orgeat syrup *10ml (2 parts) fresh lime juice,cocktail,Shake all ingredients except the dark rum together in a mixer with ice. Strain into glass and float the dark rum onto the top. Garnish and serve with straw.,,on the rocks,pineapple spear and lime peel,Mai Tai
Fizz,,,,family,,,,,Gin Fizz
Margarita,margarita,,*35ml (7 parts) tequila *20ml (4 parts) Cointreau *15ml (3 parts) lime juice,mixed,,,on the rocks,"salt rimmed glass, lime slice",Margarita
Zombie,zombie,"Because of the high proof rum, this cocktail could be lit if desired.",*1 part white rum *1 part golden rum *1 part dark rum *1 part apricot brandy *1 part pineapple juice *½ part 151-proof rum *1 part lime juice,Cocktail,Mix ingredients other than the 151 in a shaker with ice. Pour into glass and top with the high-proof rum.,,on the rocks,Cherry,Zombie (cocktail)
Harvey Wallbanger,highball,,* 45ml (3 parts) Vodka * 15ml (1 part) Galliano * 90ml (6 parts) fresh orange juice,cocktail,"Stir the vodka and orange juice with ice in the glass, then float the Galliano on top. Garnish and serve.",,on the rocks,orange slice and maraschino cherry,Harvey Wallbanger
Herbsaint Frappé,highball,,*One part Herbsaint *One part soda water *Half teaspoon simple syrup or sugar,cocktail,"Stir together with plenty of ice, then strain into a very well chilled glass. Serve very cold.",,stirred,frosted glass,Herbsaint
French 75,champagne tulip,,*1 oz gin *1/2 oz. simple syrup (or 2 tsp. superfine sugar) *1/2 oz. lemon juice *Brut Champagne or other dry sparkling wine,cocktail,"Combine gin, sugar, and lemon juice in a cocktail shaker filled with ice. Shake vigorously and strain into an iced champagne glass. Fill with Champagne. Garnish with a twist of lemon.",,,,French 75 (cocktail)
Moscow Mule,copper cup,The proportion of ginger beer varies from 2 parts to 4 parts,*Two parts vodka *One part lime juice * 3 parts ginger beer,cocktail,Mix ingredients together and serve,,on the rocks,,Moscow mule
Horse's Neck,old,,* 40ml (1 part) Brandy * 110ml (~3 parts) Ginger ale * Dash of Angostura bitter (optional),mixed,"Pour brandy and ginger ale directly into old fashioned glass with ice cubes. Stir gently. Garnish with lemon zest. If required, add dashes of Angostura Bitter.",,on the rocks,Long spiral of lemon zest,Horse's Neck
Sazerac,old,"Originally, the Sazerac was made and served in an egg cup called a ""''coquetier''""—a word speculated by some linguists to be the origin of the word ""cocktail"", though this myth has now been debunked. See below.",*2 ounces Rye whiskey *Three dashes Peychaud's Bitters *One sugar cube or 1 tsp simple syrup *Splash of absinthe or Herbsaint,cocktail,"One old fashioned or rocks glass is packed with ice and water to chill the glass. In a second old fashioned glass, muddle the sugar cube or simple syrup with the bitters. Add the rye to this mixture. Stir to combine. Empty the ice from the first glass. Pour the absinthe or Herbsaint into the glass and swirl to coat the sides of the glass. Any excess absinthe or Herbsaint is discarded. Pour the rye/sugar/bitters mixture into the coated glass. Twist a lemon peel over the glass and rub the rim of the glass with the peel. The peel can be discarded or placed into the cocktail.",,straight up,Lemon peel,Sazerac
Sidecar,cocktail,,*Four parts brandy or cognac *Two parts Cointreau *One part lemon juice,cocktail,Mix the ingredients in a shaker half-full of ice. Strain and serve in a sugar-rimmed glass. Garnish with a strip of lemon rind,,straight up,"Sugared glass, lemon rind",Sidecar (cocktail)
Brandy Alexander,cocktail,,*30ml (1 part) Cognac *30ml (1 part) Crème de cacao (brown) *30ml (1 part) Fresh cream,cocktail,Shake and strain into a chilled cocktail glass. Sprinkle with fresh ground nutmeg.,,straight,Grated nutmeg,Brandy Alexander
Martini,cocktail,,*55ml (11 parts) gin *15ml (3 parts) dry vermouth,cocktail,"Straight: Pour all ingredients into mixing glass with ice cubes. Stir well. Strain in chilled martini cocktail glass. Squeeze oil from lemon peel onto the drink, or garnish with olive. (On the rocks: Pour all ingredients over ice cubes in old-fashioned glass, garnish as above and serve.)",no,straight (or on the rocks),Olive or lemon twist,Martini (cocktail)
Caipirinha,old,"A wide variety of fresh fruits can be used in place of lime. In the absence of cachaça, vodka can be used, making a caipiroska.","* 50 ml (1⅔ fl oz) cachaça * ½ Lime cut into 4 wedges (or tahiti lime, but '''not''' green lemon) * 2 teaspoons crystal or refined sugar",cocktail,Place lime and sugar into old fashioned glass and muddle (mash the two ingredients together using a muddler or a wooden spoon). Fill the glass with crushed ice and add the Cachaça.,,on the rocks,"sugar cane, lime(ingredient)",Caipirinha
Daiquirí,cocktail,,*45ml (9 parts) White rum *20ml (4 parts) lime juice *5ml (1 part) Simple syrup,cocktail,Pour all ingredients into shaker with ice cubes. Shake well. Strain in chilled cocktail glass.,,straight,Half a lime slice,Daiquiri
Singapore Sling,hurricane,,* 40ml (8 parts) Gin * 20ml (4 parts) Heering Cherry Liqueur (cherry brandy) * 5ml (1 part) Cointreau * 5ml (1 part) DOM Bénédictine * 10ml (2 parts) Grenadine * 80ml (16 parts) Pineapple juice * 30ml (6 parts) Fresh lemon juice * 1 dash Angostura bitters,,Pour all ingredients into cocktail shaker filled with ice cubes. Shake well. Strain into hurricane glass. Garnish with pineapple and maraschino cherry.,,straight,"Maraschino cherry, pineapple",Singapore Sling
Pink Gin,cocktail,The traditional garnish is a shave of lemon rind. You can obtain this by removing about an inch strip of lemon rind with a potato peeler.,*One part Plymouth gin *Dash of Angostura Bitters,cocktail,"Chill the glass, then coat the inside with the Bitters. Add the gin very well chilled, garnish and serve.",,straight,lemon,Pink Gin
Irish Coffee,coffee,,*40ml (2 parts) Irish whiskey *80ml (4 parts) hot coffee *30ml (1½ parts) fresh cream *1tsp brown sugar,Cocktail,"Heat the coffee, whiskey and sugar; do not boil. Pour into glass and top with cream; serve hot.",,hot,,Irish coffee
Cosmopolitan,cocktail,The drink should be a frothy bright pink colour,* 40 ml Vodka Citron * 15 ml Cointreau * 15 ml Fresh lime juice * 30 ml Cranberry juice,cocktail,Add all ingredients into cocktail shaker filled with ice. Shake well and double strain into large cocktail glass. Garnish with lime wheel.,,straight,"Lemon slice, lime wedge",Cosmopolitan (cocktail)
Punch,Often served in a punch bowl with punch glasses.,,"Usually fruit juices and other drink mixers, optionally with alcohol.",Mid drink,Varies widely. Many prepared mixes are available.,,,,Punch (drink)
Mint Julep,"tall glass, or julep cup",,"* {{convert~3~USfloz}} Bourbon whiskey * 4 to 6 sprigs mint leaves * granulated sugar, to taste",mixed,"Put mint, sugar, and a small amount of bourbon into the bottom of a mixing glass. Gently muddle the mint and sugar, then let stand for a bit to allow the muddled leaves to release their flavor. Strain and pour into a julep cup (or similar vessel), rotating to coat the sides. Fill with ice, then add the rest of the bourbon whiskey. Garnish with a lightly slapped small mint sprig.",,over crushed or shaved ice,mint leaves,Mint julep
Salmiakki Koskenkorva,,,,cocktail,Premixed cocktail,,neat,,Salmiakki Koskenkorva
Negroni (cocktail),old,,*30ml (1 part) gin *30ml (1 part) sweet red vermouth *30ml (1 part) campari,cocktail,"Stir into glass over ice, garnish and serve.",,on the rocks,orange peel,Negroni
Tequila Slammer,on the rocks,"If champagne is used instead of lemonade, the drink is known as a '''slammer Royale'''","*One part tequila *One part 7 Up, ginger ale or Mountain Dew",shooter,Mix carefully to avoid releasing the dissolved CO 2 .,,straight,,Tequila Slammer
Karsk (A.K.A Hot Caustic),cup,,*6cl (3 parts) Pure alcohol *6cl (3 parts) Hot coffee,cocktail,Heat the coffee; do not boil. Pour into cup and add the alcohol; serve hot.,,hot,,Karsk
Caesar,highball,,*6 oz. Clamato Juice *1–1½ oz. Vodka *2 Dashes hot sauce *4 Dashes Worcestershire sauce *Celery salt *Freshly ground pepper *Lime wedge *1 Crisp celery stalk,cocktail,"Rim glass with celery salt, and a Lime wedge.",,on the rocks,stalk of celery and wedge of lime,Caesar (cocktail)
Golden Cadillac,cocktail,,*20ml (1 part) Galliano *20ml (1 part) Crème de cacao (white) *20ml (1 part) Cream,cocktail,Shake together over ice. Strain into cocktail glass and serve chilled.,,straight,,Golden Cadillac
Snakebite,pint,,* One part beer * One part cider,,Mix in equal volumes in a standard pint glass.,,Without ice,,Snakebite (shandy)
The Vod-Bomb,highball,,*6 oz. vodka *1 can Red Bull (AML),cocktail,"Either mix, with or without ice, or drop a shot of vodka into the Red Bull in the style of Depth charge",,"on the rocks, or straight up",,Vodka Red Bull
Tom and Jerry,mug,Served hot in a mug or bowl,"eggs or egg whites, sugar, brandy or rum",cocktail,Mix egg and milk with rum,no,straight,,Tom and Jerry (mixed drink)
Sake Bomb,pintshot,,* 1 pint (~14 parts) beer * 1 shot (1 part) Sake,beer,"The shot of sake is dropped into the beer, causing it to fizz violently. The drink should then be consumed immediately.",,straight,,Sake bomb
Kalimotxo,highball,,* One part red wine * One part cola or another carbonated soft drink,,Stir together over plenty of ice.,,on the rocks,,Kalimotxo
Kir,winew,A recipe can be found at the International Bartenders Association website.,*90ml (3 ounces) (9 parts) white wine *10ml (0.33 ounce) (1 part) crème de cassis,wine,"*Add the crème de cassis to the bottom of the glass, then top up with wine.",,,,Kir (cocktail)
Flaming Doctor Pepper,pubshot,,*1 pint (~13 parts) beer *3 parts Amaretto *1 part high-proof liquor,,"Layer the two spirits in the shot glass, with the high-proof liquor on top. Light the shot and allow it to burn; then extinguish it by dropping it into the beer glass. Drink immediately.",yes,,,Flaming Doctor Pepper
Stinger,cocktail,,*3 parts brandy *1 part white crème de menthe,cocktail,Mix in a cocktail shaker and strain into a cocktail glass. May also be served on rocks in a rocks glass.,,straight,,Stinger (cocktail)
Pisco Sour,old,,* 2 fl oz (8 parts) Pisco * 1 fl oz (4 parts) Key lime or lemon juice * 3/4 fl oz (3 part) Simple syrup * 1 Egg white{{ref label~Peruvian-note~a~}},cocktail,"Shake hard or blend with ice and strain into glass. The bitters are an aromatic garnish topping the finished drink, put on top of Pisco Sour foam.",,straight,Angostura bitters (1 dash){{ref label~Peruvian-note~a~}},Pisco Sour
Zurracapote,goblet,,"* red wine * fruit (peaches, lemons) * sugar * cinnamon",wine,,,,,Zurracapote
Sours,,See the article for specifics.,,family,,,,,Sour (cocktail)
Appletini (aka Apple Martini),cocktail,,*40ml (3 parts) Vodka *15ml (1 part) Apple schnapps / Calvados *15ml (1 part) Cointreau,Cocktail,"Mix in a shaker, then pour into a chilled glass. Garnish and serve.",,straight up,Apple slice; Cherry,Appletini
Buck's Fizz,flute,,* 100ml (2 parts) orange juice * 50ml (1 part) champagne,wine,"* Pour the orange juice into glass and top up champagne. Stir gently, garnish and serve.",,straight,orange twist,Buck's Fizz (cocktail)
Bumboo,old,,*2 ounces rum *1 ounce water *2 sugar cubes *Sprinkle 1/4 teaspoon to taste cinnamon *Sprinkle 1/4 teaspoon to taste nutmeg,cocktail,Mix and garnish.,,straight,Nutmeg,Bumbo
Vodka tonic,highball,,"*One part vodka *One to three parts tonic water, to taste",cocktail,"Mix and serve-stirred, not shaken.",,on the rocks,"citrus fruit, usually lime or lemon",Vodka tonic
Morir Soñando,,,* 2 cups orange juice * 1/2 cup of sugar * 4 cups of evaporated milk * 2½ cup of crushed ice,virgin,"Mix sugar and milk and stir until all the sugar has dissolved. Refrigerate until very cold. Add the ice to the milk and stir. Slowly pour the orange juice in the milk, stirring constantly. Serve immediately.",adam.,shaken,None,Morir soñando
Tamagozake,,"An alternative preparation method is to heat the sake/egg/honey mixture together, while whisking occasionally.  Be careful to stop cooking before it turns into scrambled eggs.",*One raw egg (or egg yolk only) *3/4 cup (200 cc) sake *Honey or sugar to taste,cocktail,Whisk the raw egg yolk and honey/sugar into 3/4 cup hot sake (hot enough to lightly cook the egg - 1:30 in the microwave).,,hot,,Tamagozake
Brass Monkey,highball,,*One part dark rum *One part vodka *One part orange juice,cocktail,Stir together and serve over ice.,,on the rocks,,Brass Monkey (cocktail)
Coquito,shot,,"*28 oz Coconut milk *2 cups Rum *14 ounces Condensed milk *vanilla, to taste",shaken,"Place ingredients into blender, blend until well mixed. Pour into a bottle and refrigerate until cold. Serve in small glasses and sprinkle top lightly with nutmeg.",,strained,"cinnamon, nutmeg",Coquito
Tequila Sunrise,highball,,* 45ml (3 parts) Tequila * 90ml (6 parts) Orange juice * 15ml (1 part) Grenadine syrup,layered,"Pour the tequila and orange juice into glass over ice. Add the grenadine, which will sink to the bottom. Do not stir. Garnish and serve.",,on the rocks,orange slice and cherry,Tequila Sunrise (cocktail)
Gimlet,cocktail,,* Four parts gin * One part sweetened lime juice,cocktail,Mix and serve. Garnish with a slice of lime,,straight or on the rocks,Lime,Gimlet (cocktail)
Hurricane,hurricane,,*One part dark rum *One part white rum *Half part over proofed rum *passion fruit syrup *lime juice,cocktail,"Shake ingredients with ice, then pour into the glass and serve over ice.",,"on the rocks, poured over ice",,Hurricane (cocktail)
Michelada,pint,,"Mix the beer with tomato juice, freshly squeezed lime juice, and Worcestershire sauce, teriyaki sauce, soy sauce, or hot sauce.",,,,"in a chilled, salt-rimmed glass",Lime,Michelada
Alabama Slammer,collins,,*3/4 oz. Amaretto *3/4 oz. Southern Comfort *3/4 oz. Sloe Gin *fill with orange juice,cocktail,,,on the rocks,,Alabama Slammer
Baby Guinness,shot,Variation substitutes black Sambuca for coffee liqueur,"3/4 shot (3 parts) Coffee liqueur, 1/4 shot (1 part) Irish cream",shooter,Float Irish cream on top of coffee liqueur,,,,Baby Guinness
Tinto de verano,,,*One part red wine *One part gaseosa (or a mixture of Sprite and water or Fanta),wine,Mix and serve well chilled.,,on the rocks,lemon slice,Tinto de verano
Rickey,highball,,"*2oz bourbon, rye whiskey, or gin *Half of a lime squeezed and dropped in the glass *Sparkling Mineral Water",cocktail,"Combine spirit, lime and shell in a highball or wine glass. Add ice, stir and then add sparkling mineral water.",,on the rocks,lime half shell,The Rickey
Yorsh,,,*10 part beer * 1 part vodka (Ratio varies to taste),cocktail,Mix thoroughly and drink quickly!,,,,Yorsh
Carrot Cake,shot,,* one part Baileys Irish Cream * one part Hot Damn Cinnamon Schnapps * one part Frangelico,layered,,,,,Carrot Cake (cocktail)
Irish Car Bomb,pubshot,Original recipe: * 1/2 oz. Irish cream * 1/2 pint Irish stout * 1/4 oz. Irish whiskey * 1/4 oz. coffee liqueur,* 1/2 shot Irish whiskey * 1/2 shot Irish cream * 1/2 pint Irish stout,beer,"The whiskey is floated on top of the Irish cream in a shot glass, and the shot glass is then dropped into the stout.",,straight,,Irish Car Bomb
Bellini,flute,Traditionally a Bellini uses Prosecco for the wine and white peaches for the fruit.,* 100ml (2 parts) dry sparkling wine * 50ml (1 part) fresh peach purée,wine,"Pour peach puree into chilled flute, add gently sparkling wine. Stir gently.",,straight,,Bellini (cocktail)
Lynchburg Lemonade,collins,,"Jack Daniel's, triple sec, sour mix, lemon-lime",cocktail,Shake and Strain,,on the rocks,"Lemon wedge, maraschino cherry",Lynchburg Lemonade
Rusty Nail,"""old-fashioned"" glass, stemmed glass ""martini-style""",,*45ml (9 parts) Scotch Whisky *25ml (5 parts) Drambuie,cocktail,"First fill a 16 oz glass with crushed ice until it is overflowing. Pour in 5 parts drambuie and 9 parts scotch. Stir gently, as to not bruise the ice. Keep stirring until a thick frost develops on the side of the glass. Garnish with a lemon twist. Serve.",,on the rocks,Lemon twist,Rusty Nail (cocktail)
Grasshopper,cocktail,,*30 ml (1 part) Crème de menthe (green) *30 ml (1 part) Crème de cacao (white) *30 ml (1 part) Fresh cream,cocktail,Pour ingredients into a cocktail shaker with ice. Shake briskly and then strain into a chilled cocktail glass.,,straight,,Grasshopper (cocktail)
Monkey Gland,cocktail,,* 1 part gin * 1 part orange juice * dash absinthe * dash grenadine,cocktail,"Shake well over ice cubes in a shaker, strain into a chilled cocktail glass.",,,,The Monkey Gland
Cerveza Preparada,* Pint glass,,* Tomato juice * Mexican beer,,,,without ice,,Cerveza preparada
Colombia,highball,,*2 parts vodka * 1 part blue Curaçao * 1 part grenadine * 1 part lemon juice * 6 parts orange juice,cocktail,"Shake the vodka and citrus juices in a mixer, then strain into the glass. Slide the grenadine down one side of the glass, where it will sink to the bottom. Slide the curacao down the other side, to lie between the vodka and grenadine, and serve before the layers have a chance to mix.",,,,Colombia (cocktail)
The Blenheim,cocktail,,* 3 parts Brandy * 2 parts Yellow Chartreuse * 1 part Lillet * 1 part Orange Juice * 1 part Dubonnet,cocktail,"Shake ingredients together with ice, and strain into a cocktail glass.",,straight,,Joe Gilmore
Bronx,cocktail,,* 30ml (6 parts) Gin * 15ml (3 parts) Sweet Red Vermouth * 10ml (2 parts) Dry Vermouth * 15ml (3 parts) Orange juice,cocktail,"Pour into cocktail shaker all ingredients with ice cubes, shake well. Strain in chilled cocktail or martini glass.",,straight,orange twist,Bronx (cocktail)
Jack Rose,cocktail,,*2 parts applejack *1 part lemon or lime juice *1/2 part grenadine,cocktail,"Traditionally shaken into a chilled glass, garnished, and served straight up.",,straight,"cherry, apple slice",Jack Rose (cocktail)
London Fog,cocktail,,*7 parts gin * 2 parts pernod,cocktail,,,,,London Fog (cocktail)
El Presidente,cocktail,,*Two parts rum *One part curaçao *One part dry vermouth *Dash grenadine,cocktail,"stir well with ice, then strain into glass. Garnish and serve.",,straight,twist of orange peel,El Presidente (cocktail)
Salty dog,highball,,*40ml gin *100ml grapefruit juice,cocktail,Shake vodka and grapefruit juice in cocktail shaker. Strain into a salt-rimmed highball glass.,,straight,Salted glass,Salty dog (cocktail)
Backdraft,shot,"The cinnamon can be replaced with black pepper if desired, creating a much more bitter drink, known as the '''pepperdraft'''",* Grand Marnier * Drambuie * Cinnamon * Ice,cocktail,"The preparation of this drink is complex, and is explained below.",yes,straight,Cinnamon,Backdraft (drink)
Vesper,coupe,,*Three measures 90-proof gin * One measure 100-proof Polish vodka * One-half measure Kina Lillet or Cocchi Americano,cocktail,"Shake over ice until well chilled, then strain into a deep goblet and garnish with a thin slice of lemon peel.",,straight,lemon peel,Vesper (cocktail)
Americano,old,,*30ml Campari *30ml red vermouth *A splash of soda water,old,"Pour the Campari and vermouth over ice into glass, add a splash of soda water and garnish with half orange slice.",,on the rocks,half an orange slice,Americano (cocktail)
Incredible Hulk,cocktail,,*One part hpnotiq * One part cognac,cocktail,Stir together and serve over ice.,,on the rocks,,Incredible Hulk (cocktail)
Four Horsemen,shot,,* 1 part Bourbon whiskey (Jim Beam) * 1 part Tennessee whiskey (Jack Daniel's) * 1 part Scotch whisky (Johnnie Walker Black) * 1 part Irish Whiskey (Jameson),shooter,"Mix the four spirits together into the shot glass, and down immediately.",,neat,,Four Horsemen (drink)
B-52,shot,,*20ml (1 part) coffee liqueur (Kahlúa) *20ml (1 part) Irish Cream (Baileys Irish Cream) *20ml (1 part) Orange Cognac (Grand Marnier),layered,Layer ingredients into a shot glass. Serve with a stirrer.,,neat,Stirrer,B-52 (cocktail)
The Godfather,old,,*35 ml (2 parts) scotch whisky *35 ml (2 parts) amaretto,Cocktail,pour into an old fashioned glass,,on the rocks,,Godfather (cocktail)
French Connection,old,,*3.5cl (1 part) Cognac *3.5cl (1 part) Disaronno liqueur,cocktail,Pour ingredients into a Snifter with ice cubes. Stir gently.,,,,French Connection (cocktail)
Kir Royal,flute,A recipe can be found at the International Bartenders Association website.,*90ml (3 ounces) (9 parts) champagne *10ml (0.33 ounce) (1 part) crème de cassis,wine,"*Add the crème de cassis to the bottom of the glass, then top up champagne.",,,,Kir Royal (cocktail)
Gibson,cocktail,,*60ml (2 ounces) (6 parts) gin *10ml (0.33 ounce) (1 part) dry vermouth,cocktail,"*Stir well in a shaker with ice, then strain into a chilled martini glass. Garnish and serve",,stirred,silverskin onion,Gibson (cocktail)
Whiskey sour,Old Fashioned glass or cobbler,Garnish with maraschino cherry and orange slice.,* 45ml (3 parts) Bourbon whiskey * 30ml (2 parts) fresh lemon juice * 15ml (1 part) Gomme syrup * dash egg white (optional),cocktail,"Shake with ice. Strain into ice-filled old-fashioned glass to serve ""on the rocks.""",,shaken,"sugared glass, lemon rind",Whiskey sour
Bombardino,coffee,,* 1 part Brandy * 1 part Advocaat (or eggnog),,,,,,Bombardino
Rev-Bomb,pubshot,,,Jägermeister,,,,,Rev (drink)
Nikolaschka,snifter,One should eat the lemon with the coffee and sugar mixture and then enjoy the drink.,"* Cognac * Coffee powder * Powdered sugar * Lemon disk, peeled",cocktail,"Pour cognac into brandy snifter, place lemon disk across the top of the glass and top with sugar and coffee.",,straight,,Nikolaschka
Bijou Cocktail,cocktail,,* 3 parts gin *1 part green Chartreuse *1 part sweet vermouth *Dash orange bitters,cocktail,Stir in mixing glass with ice and strain,,straight,cherry,Bijou (cocktail)
Golden Elk,shot,,*2 parts Jägermeister * 1 part Goldschläger,,,,,,Golden Elk
Jack and Coke,collins,,*1 part Jack Daniel's Tennessee Whiskey *3 parts Coca-Cola *Ice,cocktail,Pour Jack Daniel's into Collins glass filled with ice. Fill to desired level with Coca-Cola. Stir lightly.,,on the rocks,,Jack and Coke
Brandy Daisy,collins,,*1½ ounces brandy or Cognac *¾ ounce yellow Chartreuse *¾ ounce lemon juice,cocktail,"Stir well with cracked ice in a cocktail shaker, then strain into a chilled Collins glass and top with a splash of chilled club soda or seltzer.",,on the rocks,,Brandy Daisy
Fizz,,,,family,,,,,Fizz (cocktail)
Planter's Punch,highball,,*6cl (6 parts) dark rum *3cl (3 parts) fresh lemon juice *1cl (one part) grenadine syrup *Soda water as necessary,cocktail,Mix in shaker with ice. Pour into glass and top up with soda water. Garnish and serve.,,on the rocks,lemon and orange slices,Classic cocktail
Caipirinha,old,"A wide variety of fresh fruits can be used in place of lime. In the absence of cachaça, vodka can be used, making a caipiroska.","* 50 ml (1⅔ fl oz) cachaça * ½ Lime cut into 4 wedges (or tahiti lime, but '''not''' green lemon) * 2 teaspoons crystal or refined sugar",cocktail,Place lime and sugar into old fashioned glass and muddle (mash the two ingredients together using a muddler or a wooden spoon). Fill the glass with crushed ice and add the Cachaça.,,on the rocks,lime,Cocktails with cachaça
B and B,snifter,,* 1 part cognac * 1 part Bénédictine,cocktail,Combine and stir.,,with or without ice,,List of duo and trio cocktails
Screwdriver,highball,,*50 ml (1 part) vodka *100 ml (2 parts) orange juice,cocktail,Mix in a highball glass with ice. Garnish and serve.,,on the rocks,orange slice,Hi-Fi (cocktail)
Bacardi cocktail,cocktail,,*45ml (9 parts) Bacardi white rum *20ml (4 parts) lemon or lime juice *5ml (1 part) grenadine syrup,cocktail,Shake together in a mixer with ice. Strain into glass and serve,,straight up,lime,Bacardi cocktail
Paradise,cocktail,,*35ml (7 parts) gin *20ml (4 parts) apricot brandy *15ml (3 parts) orange juice,cocktail,Shake together over ice. Strain into cocktail glass and serve chilled.,,straight,,Paradise (cocktail)
Rose,cocktail,,*45ml (9 parts) dry vermouth *15ml (3 parts) Kirsch *10ml (2 parts) cherry brandy,wine,"Shake together in a cocktail shaker, then strain into chilled glass. Garnish and serve.",,straight,Maraschino cherry,Rose (cocktail)
Golden Dream,cocktail,Should be quite fluffy,*20ml (2 parts) Galliano * 20ml (2 parts) Cointreau * 20ml (2 parts) Fresh orange juice * 10ml (1 part) Fresh cream,cocktail,Shake together in a mixer with cracked ice. Strain into glass and serve.,,shaken,wedge of orange and a cocktail umbrella,Golden dream (cocktail)
Japanese Slipper,cocktail,,*30 ml (1 part) Midori *30 ml (1 part) cointreau *30 ml (1 part) lemon juice,cocktail,"Shake together in a mixer with ice. Strain into glass, garnish and serve.",,straight,Honeydew melon slice,Japanese slipper
Kamikaze,cocktail,,*30ml (1 part) vodka *30ml (1 part) triple sec *30ml (1 part) lime juice,cocktail,"Shake all ingredients together in a mixer with ice. Strain into glass, garnish and serve.",,straight,Lime slice,Kamikaze (cocktail)
Orgasm,old,,*30ml Cointreau *30ml Baileys Irish Cream *20ml Grand Marnier,cocktail,Build all ingredients over ice in an old fashioned glass or shot glass. Garnish with cherry.,,on the rocks,cherry,Orgasm (cocktail)
Porto Flip,cocktail,,*15ml (3 parts) brandy *40ml (8 parts) port *10ml (2 parts) egg yolk,cocktail,"Shake ingredients together in a mixer with ice. Strain into glass, garnish and serve",,straight,Grated nutmeg,Porto flip
Pegu Club,cocktail,,*1 1/2 ounces gin *3/4 ounce orange cointreau *1 teaspoon lime juice *Dash bitters *Dash orange bitters,cocktail,"Shake ingredients together in a mixer with crushed ice. Strain into chilled glass, garnish and serve.",,shaken,lime twist,Pegu Club (cocktail)
Champagne cocktail,flute,,*1 sugar cube *2-3 dashes Angostura bitters *30ml Brandy *Champagne,cocktail,"Place the sugar cube at the bottom of the flute and add Angostura bitters until it dissolves. Add the brandy, then fill with the champagne. Garnish with the orange slice and maraschino cherry.",,straight,Orange slice and maraschino cherry,Champagne cocktail
Staten Island Ferry,highball,,*One part Malibu Rum *One part pineapple juice,cocktail,Stir together and serve over ice.,,on the rocks,,Staten Island Ferry (cocktail)
Macuá,highball,,*2 parts white rum (preferably Flor de Caña) * 2 parts guava juice * 1 part lemon juice * sugar to taste,cocktail,Blend the ingredients with 1 cup of ice and serve well chilled. Garnish with an orange slice,,On the rocks,lemon slice,Macuá
Alexander,cocktail,,*1 oz gin *1 oz white crème de cacao *1 oz light cream,cocktail,Shake all ingredients with ice and strain contents into a cocktail glass. Sprinkle nutmeg on top and serve.,,"blended (no ice), then on the rocks",nutmeg,Alexander (cocktail)
Dark 'N Stormy,highball,Lime optional.,*50 mL of Gosling's Black Seal rum *150 mL Ginger beer *1:3 ratio *1 slice of lime,cocktail,Pour the ginger beer into a glass over ice. Top off with black rum. Squeeze in the lime wedge and drop it in.,,on the rocks,,Dark 'N' Stormy
Blue Lagoon,highball,,*1 part Vodka *1 part Blue Curacao *4 parts Lemonade,highball,"pour vodka and blue curacao in a shaker with ice, shake well & strain into ice filled highball glass, top with lemonade, garnish and serve.",,on the rocks,lemon slice,Blue Lagoon (cocktail)
Spritz,old,,"*3cl (one part) Prosecco *3cl (one part) bitters (Campari, Aperol, Cynar, Gran Classico ''etc.'') *3cl (one part) carbonated water",cocktail,"Stir into glass over ice, garnish and serve.",,on the rocks,Orange Wedge  Olive,Spritz (alcoholic beverage)
Jägerbomb,pubshot,,,,,,,,Jägerbomb
Sex on the Beach,highball,,* 2 parts (40ml) Vodka * 1 parts (20ml) Peach schnapps * 2 parts (40ml) Orange juice * 2 parts (40ml) Cranberry juice,cocktail,Build all ingredients in a highball glass filled with ice. Garnish with orange slice.,no,on the rocks,orange slice,Sex on the Beach
Pink Lady,cocktail,,*1.5 oz. gin *4 dashes grenadine *1 egg white,cocktail,Shake ingredients very well with ice and strain into cocktail glass. Garnish with a cherry.,,1,cherry,Pink lady (cocktail)
Orange Whip,collins,,*4oz (four parts) orange juice *1oz (one part) rum *1oz (one part) vodka *2oz (two parts) cream,cocktail,Blend briefly with hand blender. Pour ingredients over ice and stir.,,"blended (no ice), then on the rocks",None,Orange Whip
Redheaded slut,rocks2,"may also be served as a shooter -- chilled and shaken, without ice",*5 cl (one part) Jägermeister *5 cl (one part) peach schnapps *cranberry juice,mixed,Combine Jägermeister and schnapps in glass full of ice. Add cranberry juice to fill to top. Stir as necessary.,,on the rocks,,Redheaded slut
Gin Bucket,bucket+turkey baster,,"*One or Two handles Gin *4 l Fresca, Sprite or 7-up *Fresh squeezed citrus fruit",Social Drink,"Mix all in bucket, add ice",,,,Gin bucket
Cheeky Vimto,pub,,* 275ml blue WKD * 50ml port,alcopop,,,neat or with ice,,Cheeky Vimto
Blue Hawaii,hurricane,"For best results do not use bottled Sweet and Sour mix, but rather make your own at the bar with fresh citrus juice and simple syrup. This advice applies to any drink that calls for Sweet and Sour.","* 3/4 ounce light rum * 3/4 ounce vodka * 1/2 ounce Curaçao * 3 ounces pineapple juice, unsweetened * 1 ounce Sweet and Sour",mixed,"Combine all ingredients with ice, stir or shake, then pour into a hurricane glass with the ice. For garnish score pineapple or orange slice with a knife and inert onto rim of glass; optionally use toothpick or cocktail umbrella to spear maraschino cherry through center and attach to top of fruit slice; otherwise float cherry on top of ice.",,on the rocks,"pineapple or orange quarter slice, maraschino cherry",Blue Hawaii (drink)
Harrogate Nights,highball,,2.5cl (1 part) Vodka 1.25cl (1/2 part) Archers (Peach Schnapps) 1.25cl (1/2 part) Malibu 2.5cl (1 part) Fresh Orange Juice 2.5cl (1 part) Fresh Pineapple Juice dash of Fresh Cranberry Juice,cocktail,"Fill a Highball glass with ice then add a dash of cranberry juice. Add the rest of the ingredients to the Boston glass, shake and strain into the Highball glass. Garnish and serve.",,on the rocks,orange slice,Harrogate Nights
Fizzy Apple Cocktail,cocktail,,*1 shot Apple Vodka *1/2 cup Apple Juice *1/2 cup Lemonade,cocktail,Combine all three ingredients into a chilled glass and serve with ice and garnish.,,chilled,apple slice; lemon,Fizzy apple cocktail
Brandy Sour,highball,,*5 cl (two parts) Cyprus brandy *2.5 cl (one part) lemon squash *2-4 drops of bitters *Top with carbonated water,cocktail,"Stir into glass over ice, garnish and serve.",,on the rocks,,Brandy Sour (Cyprus)
Sea breeze,highball,,*40 ml Vodka *120 ml Cranberry juice *30 ml Grapefruit juice,cocktail,Build all ingredients in a highball glass filled with ice. Garnish with lime wedge.,,on the rocks,lime slice,Sea Breeze (cocktail)
Sin slammer,shot,,"soda water, gomme syrup",,,,,,Sin slammer
Seven and Seven,collins,,*1 shot Seagram's Seven Crown whiskey *6 fl. oz. 7 Up *Ice,cocktail,Pour whiskey into Collins glass filled with ice. Fill to desired level with 7 Up. Stir lightly.,,on the rocks,,7 and 7
"Lemon, Lime & Bitters",highball,,*Lemonade *Lime juice cordial (aka sweetened lime juice) *Bitters,mocktail,Rim the inside of the glass with 4 to 5 dashes of bitters then pour lemonade and lime juice (15-30 mL) into glass. Garnish if desired.,,Straight up or with ice,Slice of lemon or lime,"Lemon, Lime and Bitters"
Slippery Nipple,shot,,*(1 part) Sambuca * (1 part) Baileys Irish Cream,layered,"Pour the Sambuca into a shot glass, then pour the Baileys on top so that the two liquids do not mix.",,neat,Cherry (optional),Slippery nipple
Chimayó Cocktail,highball,,* 1½ oz Tequila * 1 oz apple cider * 1/4 oz lemon juice * 1/4 oz creme de cassis,"cocktail, mixed drink",Pour the tequila and unfiltered apple cider into glass over ice. Add the lemon juice and creme de cassis and stir. Garnish and serve.,,on the rocks,slice of unpeeled apple,Chimayó Cocktail
Cape Cod,highball,,* Vodka * Cranberry juice,cocktail,Build all ingredients in a highball glass filled with ice. Garnish with lime wedge.,no,on the rocks,lime slice,Cape Codder (cocktail)
Flaming Volcano,Special: volcano bowl,"This is a multi-user group drink that should be served with very long (15-20"") colored straws!","* 1 ounce light rum * {{convert~1~USoz~ml~-1}} brandy * {{convert~1~USoz~ml~-1}} overproof rum (e.g., Bacardi 151) * {{convert~4~USoz~ml~-1}} orange juice * {{convert~2~USoz~ml~-1}} lemon juice, unsweetened * {{convert~2~USoz~ml~-1}} almond flavored syrup",mixed,"Combine all ingredients with 2 scoops of crushed ice in a blender, blend briefly, then pour into the ""volcano bowl"". Pour some rum into the central crater of the volcano bowl and light it. For garnish score pineapple or orange slices with a knife and insert onto rim of bowl; optionally add maraschino cherries to the main drink. Multiply recipe to adjust to the size of the container (e.g. x2 for a {{convert~32~USoz~ml~adj=on}} volcano bowl).",,blended,"pineapple and/or orange quarter slices, maraschino cherries",Flaming volcano
Ginza Mary,old,add freshly ground Black Pepper to taste.,* 2 Oz. (4 parts) Vodka * 1 {{frac~1~2}} Oz. (3 parts) Sake * 2 Oz. (4 parts) Tomato Juice * {{frac~1~2}} Oz. (1 part) Lemon Juice * 3-5 Dashes Tabasco Sauce * 2 Dashes Soy Sauce,highball,"Combine ingredients and cracked ice, mix, pour into chilled Old Fashioned Glass",,straight,,Ginza Mary
Osaka Dry,cocktail,Garnish with pickled plum.,* 6 parts Vodka * 1 part Sake * Pickled Plum,cocktail,"Combine ingredients (except plum) and cracked ice in cocktail shaker, strain, pour into chilled Cocktail Glass.",,straight,,Osaka Dry
Golden Russian,old,,* Vodka * Galliano * lime juice,cocktail,Pour the ingredients into the old fashioned glass filled with ice cubes. Stir gently.,,on the rocks,,Golden russian
Bananarita,highball,Rubbing the rim of the glass with the lime slice to make the salt stick to it.,*For a 12oz. Highball glass *6oz. of ice *Tequila *1.5-2oz. 99 Bananas liquor *3-4oz. Margarita mix (lime flavor preferred),mixed,Fill the glass halfway (6oz.) with ice. Pour the tequila to the rim of the ice. Add the 99 Bananas liquor as well as the margarita mix; finish by adding the garnishes.,,on the rocks,"salt rimmed glass, lime slice",Bananarita
Planter's Punch,highball,,* 4.5cl Dark rum * 3.5cl Fresh orange juice * 3.5cl Fresh pineapple juice * 2cl Fresh lemon juice * 1cl Grenadine syrup * 1cl Sugar syrup * 3 or 4 dashes Angostura bitters,Longdrink,"Pour all ingredients, except the bitters, into shaker filled with ice. Shake well. Pour into large glass, filled with ice. Add Angostura bitters, ""on top"". Garnish with cocktail cherry and pineapple.",,,,Planter's Punch
Bermuda Rum Swizzle,Cocktail Glass,,*4oz. Gosling's Black Seal Rum *4oz. Gosling's Barbados Rum *Juice of 2 lemons *5oz. pineapple juice *5oz orange juice *2oz. Bermuda falernum *6 dashes Angostura Bitters,cocktail,"Mix in pitcher with crushed ice, shake vigorously until a frothing head appears. Strain into cocktail glasses. Garnish with a slice of orange and a cherry. Serves 6.",,on the rocks,,Rum Swizzle
Cojito,cocktail,,*15ml of white rum *5ml Malibu *5ml lime juice *Mint leaves *1 sprig of mint,cocktail,"In a shaker add white rum, Malibu, lime juice, some mint leaves and crushed ice, garnish with the sprig of mint.",,straight up in a cocktail glass,Trimmed coconut and mint leaf,Cojito
Old Etonian,cocktail,,*1.5 oz. gin *1.5 oz. Kina Lillet or Cocchi Americano *2 dashes Orange bitters *2 dashes Crème de Noyaux,cocktail,Shake with ice and strain into a stemmed cocktail glass.,,chilled and strained,orange peel,Old Etonian (cocktail)
Matador,cocktail,"Sour mix may be used in place of lime juice, depending on preference and availability. Champagne flutes are also commonly used for serving.",*1 to 1.5 parts silver or blanco tequila *2 to 3 parts pineapple juice *Juice of half a lime,cocktail,Mix the ingredients in a shaker half full of ice. Strain and serve in a chilled cocktail glass or champagne flute.,,shaken,lime slice or twist,Matador (cocktail)
Sweet Melissa,old,,"Gin and tonic water, splash of Jack Daniel's to taste",cocktail,"In a glass filled with ice, add gin and fill with tonic. Add splash of Jack. Lime wedge optional",,on the rocks,Lime,Sweet Melissa
Woo Woo,highball,,* 2 parts (1 oz) Vodka * 1 part (.5 oz) Peach Schnapps * 4 parts (2 oz) Cranberry juice,Cocktail,Build all ingredients in a highball glass filled with ice. Garnish with lime wedge.,no,on the rocks,Lime Wedge,Woo Woo
Bloody Mary,highball,,*45ml (3 parts) Vodka * 90ml (6 parts) Tomato juice * 15ml (1 part) Lemon juice,mixed,"Add dashes of Worcestershire Sauce, Tabasco, salt and pepper into highball glass, then pour all ingredients into highball with ice cubes. Stir gently. Garnish with celery stalk and lemon wedge (optional).",,on the rocks,Celery stalk or dill pickle spear,Bloody Mary (cocktail)
Stengah,,,"Whisky, Soda Water, Ice.",mix,Build over ice; stir.,,on the rocks,,Stengah
Corn N' Oil,highball,,*60mL of (Cruzan) blackstrap rum *10mL of Falernum,cocktail,Pour the rum and falernum into a glass over ice and stir well. Squeeze in the lime wedge(s) and drop it in.,,on the rocks,lime wedge or two,Corn N' Oil
Quick Fuck,shot,,*one part Midori liqueur *one part Kahlua *one part Baileys Irish Cream,layered,"*Pour Midori into shot glass. *Carefully add Baileys, letting it float on top.",no,straight-up or upside down,,Quick Fuck
Chocolate Cake,shot,,"one-half shot of vodka, one-half shot of Frangelico",shooter,"Stir the liquors in a shot glass. Consume the shot, then bite and suck on the lemon wedge.",,neat/shaken and lose strained,lemon wedge sprinkled with white/ brown sugar,Chocolate Cake (cocktail)
The Last Word,cocktail,,* One part gin * One part lime juice * One part green Chartreuse * One part maraschino liqueur,cocktail,Shake with ice and strain into a cocktail glass.,,straight,,The Last Word (cocktail)
Mitch Morgan,shot,,*5cl Bourbon *strip of bacon (garnish),cocktail,,,straight,bacon,Mitch Morgan
Bacon Martini,cosmo,,"*5cl bacon vodka *strip of bacon, olive (garnish)",cocktail,,,straight,"bacon, olive",Bacon martini
Aviation,cocktail,,* 60ml (2 oz.) gin * 15ml (1/2 oz.) lemon juice * 15ml (1/2 oz.) maraschino liqueur * 7.5ml (1/4 oz.) crème de violette,cocktail,Add all ingredients into cocktail shaker filled with ice. Shake well and strain into cocktail glass. Garnish with a cherry.,,straight,cherry,Aviation (cocktail)
Sundowner,,,,cocktail,,,,,Sundowner (drink)
Whynatte Bomb,pubshot,,,Jägermeister,,,,,Whynatte Bomb
Govana Libre,cocktail,,* 2 parts Dark Rum * 1 parts Lime Juice * 1 part Lemonade * 1 part Sugar Cane Syrup * 1 part Grenadine,cocktail,"Shake ingredients together with ice, and strain into a cocktail glass over crushed ice, top with lemonade, grenadine and a lime garnish.",,,Lime and Mint,Govana Libre
Blow Job,shot,,* 1/2 oz. Bailey's *1/2 oz. Kahlúa * whipped cream top,shooter,Pour 1/2 oz Bailey's and 1/2 oz Kahlúa in shot glass and top with whipped cream. Serve.,,,,Blow Job (cocktail)
Chicago Cocktail,old,,*Brandy * Triple sec * Bitters * Champagne (optional),cocktail,Shake or stir with ice.,,on the rocks,Lemon slice,Chicago Cocktail
Bloodhound,"cocktail, tumbler or flute",,* 2 parts gin * 1 part dry vermouth * 1 part sweet vermouth *strawberry coulis/crushed strawberries,cocktail,Shake alcoholic ingredients and serve over crushed ice with strawberry coulis and strawberries garnish,,ice,Strawberries (normally 3),Bloodhound (cocktail)
Tschunk,,,*4-6 cl golden rum or dark rum *limes *Club-Mate *(if desired): brown sugar *ice,cocktail,"Dice limes, put them together with the brown sugar into a high glass and crush both. Add crushed ice and pour the rum and the mate over it. Add a straw",,,,Tschunk
Clover Club Cocktail,cocktail,,*1½ Oz. Gin *3/4 Oz. Lemon Juice *1/4 Oz. Raspberry Syrup (or Grenadine) *1 Egg White,cocktail,"Dry shake ingredients to emulsify, add ice, shake and served straight up.",,straight,,Clover Club Cocktail
Paloma,highball,,* One part tequila * Three parts grapefruit soda,cocktail,Stir together and serve over ice.,,on the rocks,lime wedge,Paloma (cocktail)
Bourbon Triple Sour,old,,"bourbon whiskey, triple sec, sour mix, sugar syrup",cocktail,,,,Lemon wedge,Triple Bourbon Sour
Springbokkie,shot,,* 1cl (1 part) Amarula * 3cl (3 parts) Creme de Menthe,layered,The Creme de Menthe is poured into the shot glass and the Amarula is carefully layered on top.,,neat,,Springbokkie
Mate con malicia,mate gourd and a bombilla,,* 70-80 °C hot water * Grape aguardiente * Yerba mate,cocktail,,no,straight,,Mate con malicia
Agent Orange,old,,*5 cl (1 part) vodka *15 cl (3 parts) carrot juice,cocktail,Mix in an old fashioned glass with ice and serve.,,on the rocks,none,Agent Orange (cocktail)
Rose Bennie,old fashioned glass or cobbler,,* 4.5 cl (3 parts) Vodka * 3.0 cl (2 parts) fresh lemonade * 1.5 cl (1 part) cranberry juice,cocktail,"Shake with ice. Strain into ice-filled old-fashioned glass to serve ""on the rocks.""",,shaken,lemon rind,Rose Bennie
Mimosa,flute,,"One part champagne, one part orange juice",wine,"Ensure both ingredients are well chilled, then mix into the glass. Serve cold.",,stirred not shaken,"grenadine, cherries, strawberries {{Citation needed~date=March 2008}}",Mimosa (cocktail)
Milky Pete,highball,,*5 cl (1 part) vodka *10 cl (2 parts) skimmed milk,cocktail,Mix in a highball glass with ice. Garnish and serve.,,on the rocks,none,Milky Pete
Raymond Massey,highball,,*2 oz Canadian rye whisky *½ oz Ginger syrup *5 oz Champagne,highball,Shake whisky and syrup over ice. Strain into highball and top with champagne. Garnish with lemon peel.,,on the rocks,Lemon peel,Raymond Massey (cocktail)
Blood and Sand,cocktail glass / collins glass,"A variant is to combine all ingredients in a collins glass, add another splash of orange juice then flame the zest over it.",* 1 oz blended scotch * 1 oz blood orange juice * ¾ oz sweet vermouth * ¾ oz Cherry Heering,,Pour all ingredients into cocktail shaker filled with ice cubes. Shake well. Strain into Cocktail glass. Flame orange zest over the top of the glass.,,straight,"Maraschino cherry, Flamed orange zest",Blood and Sand (cocktail)
Farnell,collins,,*1 part Jack Daniel's Tennessee Whiskey *3 parts lemonade *Ice * 1 slice of lime * 1 sprig of fresh mint,cocktail,Pour Jack Daniel's into Collins glass filled with ice. Fill to desired level with lemonade. Stir lightly and garnish with lime and mint.,,on the rocks,,Farnell (cocktail)
Skittle Bomb - Rétreau,pubshot,,* 1 shot Cointreau * 1/2 can Red Bull,Cocktail,"The Cointreau is poured into a shot glass, and the shot glass is then dropped into the Red Bull.",,,,Skittle Bomb
Bourbon lancer,highball,,*9 parts Bourbon *16 parts Champagne *3 dashes Angostura bitters,cocktail,Build over ice; stir. Garnish with twist of lemon peel.,,on the rocks,Lemon peel,Bourbon Lancer
BLT,,,Bacon  Lettuce or Liquor  Tomato  Vodka or Bacon vodka,vodka,,,straight,Bacon salt,BLT cocktail
Seifu,,,* 1 part Vodka * 1 part Club soda * Splash of Grapefruit juice,Mixed,TBC,No,in a glass,Lime,Seifu
Corpse Reviver,cocktail,,* 2 parts cognac * 1 part apple brandy or Calvados * 1 part sweet vermouth,cocktail,"Stir with ice, strain into a chilled cocktail glass.",,straight,,Corpse Reviver
Moon River,cocktail,,,cocktail,,no,in chilled cocktail glass,[cocktail cherry],Moon River (gin cocktail)
Juliana,,,* (4 parts) Golden Cachaça * (3 parts) fresh Cashew juice * (1 part) Cointreau,Mixed Drink,Shake together in a mixer with ice. Strain into glass and serve immediately.,,straight up,,Juliana (drink)
Amber Moon,highball,This cocktail may also be blended,"* {{convert~3~USfloz}} whiskey or vodka * 1 raw egg * Tabasco sauce, to taste",cocktail,"Crack an egg into a tall glass, leaving the yolk unbroken. Pour in whiskey. Add Tabasco to taste, or serve on the side.",,straight,,Amber Moon
Old Pal,cocktail,,*One part Rye whiskey *One part dry Vermouth *One part Campari,cocktail,"Mix the 3 ingredients in a mixing glass, and add ice. Stir to chill, and strain into a cocktail glass",,Stirred,Lemon twist,Old Pal (cocktail)
Rüdesheimer Kaffee,coffee,,"* 125 cl hot, black coffee * 3 cubes of sugar * 4 cl Asbach Uralt brandy, or cognac, or armagnac * Whipped cream sweetened with vanilla sugar * Dark chocolate shavings for sprinkling",Cocktail,Flambée brandy and sugar in Rüdesheimer cup to dissolve sugar. Add hot coffee and top with whipped cream; garnish.,,Hot,Chocolate flakes,Rüdesheimer Kaffee
Bushwacker,Hurricane Glass,"The Bushwacker is often made using many other types of liquors and spirits as there are dozens of variations on this cocktail, some of which include the addition of Bacardi Rum, Vodka, Amaretto, and Baileys Irish Cream, as well as using nutmeg as a garnish.",*1 ounce  Dark Rum *1 ounce Kahlúa *1 ounce  Dark Crème de Cacao *2 ounces  Cream of Coconut *2 ounces Milk *1 cup ice,cocktail,"Blend all the ingredients together in a blender, including the ice, and then strain into a hurrican glass. Place cherry on top of the drink as a garnish and serve. Whipped cream can also be added as a garnish to the top of the drink before the cherry.",,straight up,Maraschino Cherry,Bushwacker (cocktail)
Boulevardier (cocktail),old,,*30ml (1 part) rye whisky *30ml (1 part) sweet red vermouth *30ml (1 part) campari,cocktail,"Stir with ice, strain, garnish and serve.",,on the rocks,orange peel or Cherry,Boulevardier (cocktail)
Licorice stick,12 oz. glass,Garnish with a piece of black licorice.,*120 mL Cola *50 mL Anisette or *50 mL Absinthe,highball,Build all ingredients in a highball glass filled with ice. Garnish with a piece of black licorice.,,on the rocks,long piece of black licorice.,Liquorice stick (cocktail)
Brown Bomber,old,,*1/2 oz peanut liqueur *1/2 oz white creme de cacao *2 oz light cream,cocktail,"Shake all ingredients with ice, strain into a cocktail glass, and serve.",,straight,none,Brown Bomber (cocktail)